id,Kp,Kd,Ki,Target,
altitude,0.06,2.7,0,15000,
roll,0.03,0.2,0.0000001,0,
pitch,0.05,0.2,0.0000001,0,
yaw,0.07,2.7,0,200,
engines,0.09,2.7,0.0000001,400,