id,Kp,Kd,Ki,Target,
altitude,1,2.7,34,3000,
engines,0.9,2.7,0.0000001,400234,
roll,0.03,0.2,0.0000001,0,
pitch,0.05,0.2,0.0000001,0,
yaw,0.07,2.73,10,200,