id,Kp,Kd,Ki,target,New Column
altitude,0,2.7,344,3000,
roll,0.03,0.2,0.0000001,0,
pitch,0.05,0.2,0.0000001,0,
engines,0.09,2.7,0.0000001,400,
yaw,0.07,2.7,0,200,