ID-file,Kp,Kd,Ki,Target,
Altitude,0.06,2.7,0,15000,
Roll,0.03,0.2,0.0000001,0,
Pitch,0.05,0.2,0.0000001,0,
Yaw,0.07,2.7,0,200,
Engines,0.09,2.7,0.0000001,400,