0,target,kp,kd,ki
altitude,5000,0.06,2.7,0
roll,0,0.03,0.2,0.0000001
pitch,0,0.05,0.2,0.0000001
yaw,21,0.07,2.7,0
engines,220,0.09,2.7,0.0000000001
